{"pass@1": 0.3408450704225352, "pass@3": 0.423943661971831, "pass@5": 0.4591549295774648}